<?xml version="1.0" encoding="utf-8" ?>
<dwsync>
<file name="login.php" server="C:/xampp/htdocs/Kicks-shop-main/" local="133764119932918299" remote="133764119930000000" Dst="0" />
<file name="footer.html" server="C:/xampp/htdocs/Kicks-shop-main/" local="133764192589118808" remote="133764192580000000" Dst="0" />
<file name="signup.php" server="C:/xampp/htdocs/Kicks-shop-main/" local="133764072360101785" remote="133764072360000000" Dst="0" />
<file name="checkout.php" server="C:/xampp/htdocs/Kicks-shop-main/" local="133764072358754167" remote="133764072350000000" Dst="0" />
<file name="order_confirmation.php" server="C:/xampp/htdocs/Kicks-shop-main/" local="133764072359690715" remote="133764072350000000" Dst="0" />
<file name="shop.php" server="C:/xampp/htdocs/Kicks-shop-main/" local="133764194613495867" remote="133764194610000000" Dst="0" />
<file name="cart.php" server="C:/xampp/htdocs/Kicks-shop-main/" local="133764072358546601" remote="133764072350000000" Dst="0" />
<file name="contacts.php" server="C:/xampp/htdocs/Kicks-shop-main/" local="133764198036965777" remote="133764198030000000" Dst="0" />
</dwsync>